SEQ_NFE;CHAVE_NOTA;COD_UF_EMIT;COD_UF_DEST;TIP_FIN_NFE;SEQ_PROD;COD_CEST;COD_CST;COD_NCM;COD_CFOP;TIP_OPERACAO;EMIT_COD_CNAE;EMIT_CRT;EMIT_IND_SN;DEST_CNAE_PRINC;DEST_IE;DEST_SITUACAO;DEST_IND_SUBLIMITE;DEST_IND_SN;TIPO_IMPOSTO
436268873;41250676610062000187550010005855981015855981;PR;AL;1;2930572146;1003000;0;69072100;6107;;;3;N;;;;0;N;DIFAL
436211673;41250678242849000169550030023473111899436554;PR;AL;1;2930265691;2100100;0;73211100;6107;;2751100;3;N;;;;0;N;DIFAL
436189830;35250626625305000182550020002260611201384368;SP;AL;1;2930188433;1200400;0;85365090;6106;;;3;N;;;;0;S;DIFAL
435821187;35250614726607000168550030000357401159555338;SP;AL;1;2928455361;2806200;0;21069030;6101;;;3;N;;;;0;N;DIFAL
437248939;42250604740770000989550010004528101715655678;SC;AL;1;2935463843;;0;63026000;6108;;4755503;3;N;;;;0;N;DIFAL
437090776;35250663310411003038550010036758391892552556;SP;AL;1;2934863720;1301600;0;39269090;6108;;4639701;3;N;;;;0;N;DIFAL
436628969;35250607670088000521550020000470151762192850;SP;AL;1;2932547744;;0;64041900;6108;;;3;N;;;;0;N;DIFAL
436627433;41250629223036000116550090000505611446280970;PR;AL;1;2932544188;0104900;0;84821090;6108;;;3;N;;;;0;N;DIFAL
436994712;43250627130979000179550010000082121101069115;RS;AL;1;2934324662;1301400;0;90183119;6108;;;3;N;;;;0;N;DIFAL
436948052;35250623229733000106550010001137421244560750;SP;AL;1;2934128030;1200700;10;85444200;6404;;;3;N;;;;0;N;DIFAL
435813968;35250647922317000149550010000037731604538709;SP;AL;1;2928447207;;0;21069030;6102;;;2;S;;;;0;N;DIFAL
435958905;35250643643492000146550010002047941220692673;SP;AL;1;2929001959;2803300;0;39249000;6108;;4759899;3;N;;;;0;N;DIFAL
435820920;35250634779282000350550090000000851065053327;SP;AL;1;2928456011;;0;33059000;6403;;;3;N;;;;0;S;DIFAL
436097379;35250659500377000152550010000000661198333800;SP;AL;1;2929698208;;0;82121010;6102;;;3;N;;;;0;N;DIFAL
435794472;35250628229673000137550030002887311004214931;SP;AL;1;2928418479;;0;33072010;6108;;;3;N;;;;0;N;DIFAL
436472992;35250637511354000100550090000816851662294347;SP;AL;1;2931662539;;0;85163200;6108;;;3;N;;;;0;N;DIFAL
436044570;35250620548672000143550010000232761000243148;SP;AL;1;2929363216;;0;61061000;6102;;;3;N;;;;0;N;DIFAL
435817346;35250650970342000889550080004011061584809185;SP;AL;1;2928450110;2104100;0;85094010;6108;;;3;N;;;;0;N;DIFAL
435975730;35250646714331000194550030000184421254507420;SP;AL;1;2929049925;;0;64041900;6107;;;3;N;;;;0;N;DIFAL
435975730;35250646714331000194550030000184421254507420;SP;AL;1;2929049926;;0;64041900;6107;;;3;N;;;;0;N;DIFAL
436078258;35250642884294000101550060000581101942842642;SP;AL;1;2929571664;2806100;0;82119100;6108;;;3;N;;;;0;N;DIFAL
436078258;35250642884294000101550060000581101942842642;SP;AL;1;2929571665;2806100;0;82159910;6108;;;3;N;;;;0;N;DIFAL
436374117;31250607128239000190550040000165811873412139;MG;AL;1;2931202676;;0;64022000;6108;;;3;N;;;;0;N;DIFAL
436457822;35250641884417000141550030000019231525626835;SP;AL;1;2931585157;;0;64019990;6102;;;3;N;;;;0;N;DIFAL
436639600;35250623413457000123550060003054541821627603;SP;AL;1;2932588519;2000800;60;33030020;6106;;;3;N;;;;0;N;DIFAL
436643346;42250621581091000176550010001872671491711003;SC;AL;1;2932604899;;0;21069030;6107;;;3;N;;;;0;N;DIFAL
437267303;35250615570965000197550020000814131762717643;SP;AL;1;2935487950;;0;85122029;6108;;;3;N;;;;0;S;DIFAL
437254849;28250609611669019618550050000038691336685834;SE;AL;1;2935471391;;0;61044200;6108;;;3;N;;;;0;N;DIFAL
437670385;31250649732175009481550000022903351837076820;MG;AL;1;2937460637;1400900;0;69120000;6108;;;3;N;;;;0;N;DIFAL
437387292;26250601233983000179550010001957291751271690;PE;AL;1;2935955681;;10;23099010;6401;;;3;N;4789004;247723320;2;0;S;ST
437387292;26250601233983000179550010001957291751271690;PE;AL;1;2935955682;;10;23099010;6401;;;3;N;4789004;247723320;2;0;S;ST
437387292;26250601233983000179550010001957291751271690;PE;AL;1;2935955683;;10;23099010;6401;;;3;N;4789004;247723320;2;0;S;ST
436804386;31250647463454000162550010002167821443920112;MG;AL;1;2933429742;;;64041900;6108;;;1;N;;;;0;N;DIFAL
436850141;32250620273329000303550010003042671492404293;ES;AL;1;2933703401;;0;21069030;6102;;2063100;3;N;;;;0;N;DIFAL
436850141;32250620273329000303550010003042671492404293;ES;AL;1;2933703402;2806200;0;21069030;6102;;2063100;3;N;;;;0;N;DIFAL
438223441;17250628654510000100550010003060801083968802;TO;AL;1;2940638257;;0;84139190;6108;;;3;N;;;;0;N;DIFAL
438223441;17250628654510000100550010003060801083968802;TO;AL;1;2940638258;;0;68138190;6108;;;3;N;;;;0;N;DIFAL
438223441;17250628654510000100550010003060801083968802;TO;AL;1;2940638259;;0;87083090;6108;;;3;N;;;;0;N;DIFAL
438223441;17250628654510000100550010003060801083968802;TO;AL;1;2940638260;;0;84819090;6108;;;3;N;;;;0;N;DIFAL
438223441;17250628654510000100550010003060801083968802;TO;AL;1;2940638261;;0;73181500;6108;;;3;N;;;;0;N;DIFAL
438223441;17250628654510000100550010003060801083968802;TO;AL;1;2940638262;;0;84219999;6108;;;3;N;;;;0;N;DIFAL
438223441;17250628654510000100550010003060801083968802;TO;AL;1;2940638263;;0;87089300;6108;;;3;N;;;;0;N;DIFAL
438223441;17250628654510000100550010003060801083968802;TO;AL;1;2940638264;;0;87083090;6108;;;3;N;;;;0;N;DIFAL
438223441;17250628654510000100550010003060801083968802;TO;AL;1;2940638265;;0;84819090;6108;;;3;N;;;;0;N;DIFAL
438223441;17250628654510000100550010003060801083968802;TO;AL;1;2940638266;;0;84819090;6108;;;3;N;;;;0;N;DIFAL
435957948;35250601773518001011550120006736491115724594;SP;AL;1;2928989510;;0;33030020;6107;;;3;N;;;;0;N;DIFAL
436296181;35250641796832000143550130001630591684221684;SP;AL;1;2930708783;;0;61046900;6102;;;3;N;;;;0;N;DIFAL
436296181;35250641796832000143550130001630591684221684;SP;AL;1;2930708784;;0;61046900;6102;;;3;N;;;;0;N;DIFAL
438117307;35250643112531000421550100001491871918839064;SP;AL;1;2940017958;2002200;60;33059000;6106;;;3;N;;;;0;N;DIFAL
435994972;31250614169897001249550010006379011006578136;MG;AL;1;2929135964;1300401;0;30045040;6108;;0000000;3;N;;;;0;N;DIFAL
435994972;31250614169897001249550010006379011006578136;MG;AL;1;2929135965;1300401;0;30045040;6108;;0000000;3;N;;;;0;N;DIFAL
438158313;35250657407397000158550010006781401735199965;SP;AL;1;2940230183;;0;65050090;6101;;;3;N;4772500;248312650;2;0;S;ANT
438158313;35250657407397000158550010006781401735199965;SP;AL;1;2940230184;;0;44042000;6102;;;3;N;4772500;248312650;2;0;S;ANT
438158313;35250657407397000158550010006781401735199965;SP;AL;1;2940230185;;0;40081100;6102;;;3;N;4772500;248312650;2;0;S;ANT
438158313;35250657407397000158550010006781401735199965;SP;AL;1;2940230186;2006100;10;96159000;6401;;;3;N;4772500;248312650;2;0;S;ST
438158313;35250657407397000158550010006781401735199965;SP;AL;1;2940230187;2005300;10;82032090;6401;;;3;N;4772500;248312650;2;0;S;ST
438158313;35250657407397000158550010006781401735199965;SP;AL;1;2940230188;2006100;10;96159000;6401;;;3;N;4772500;248312650;2;0;S;ST
438158313;35250657407397000158550010006781401735199965;SP;AL;1;2940230189;2005300;10;82032090;6401;;;3;N;4772500;248312650;2;0;S;ST
438158313;35250657407397000158550010006781401735199965;SP;AL;1;2940230190;2005300;10;82032090;6401;;;3;N;4772500;248312650;2;0;S;ST
438158313;35250657407397000158550010006781401735199965;SP;AL;1;2940230191;;0;68052000;6101;;;3;N;4772500;248312650;2;0;S;ANT
438158313;35250657407397000158550010006781401735199965;SP;AL;1;2940230192;;0;76071990;6101;;;3;N;4772500;248312650;2;0;S;ANT
438158313;35250657407397000158550010006781401735199965;SP;AL;1;2940230193;;0;76071990;6101;;;3;N;4772500;248312650;2;0;S;ANT
438158313;35250657407397000158550010006781401735199965;SP;AL;1;2940230194;;0;65050090;6101;;;3;N;4772500;248312650;2;0;S;ANT
438158313;35250657407397000158550010006781401735199965;SP;AL;1;2940230195;;0;68053090;6101;;;3;N;4772500;248312650;2;0;S;ANT
438158313;35250657407397000158550010006781401735199965;SP;AL;1;2940230196;2006100;10;96151100;6401;;;3;N;4772500;248312650;2;0;S;ST
438158313;35250657407397000158550010006781401735199965;SP;AL;1;2940230197;2006100;10;96151100;6401;;;3;N;4772500;248312650;2;0;S;ST
438158313;35250657407397000158550010006781401735199965;SP;AL;1;2940230198;2006100;10;96151100;6401;;;3;N;4772500;248312650;2;0;S;ST
438158313;35250657407397000158550010006781401735199965;SP;AL;1;2940230200;2005700;10;96032900;6401;;;3;N;4772500;248312650;2;0;S;ST
438158313;35250657407397000158550010006781401735199965;SP;AL;1;2940230201;;0;39233090;6101;;;3;N;4772500;248312650;2;0;S;ANT
438158313;35250657407397000158550010006781401735199965;SP;AL;1;2940230202;1400500;0;39249000;6101;;;3;N;4772500;248312650;2;0;S;ANT
438158313;35250657407397000158550010006781401735199965;SP;AL;1;2940230203;1400500;0;39249000;6101;;;3;N;4772500;248312650;2;0;S;ANT
438158313;35250657407397000158550010006781401735199965;SP;AL;1;2940230204;1400500;0;39249000;6101;;;3;N;4772500;248312650;2;0;S;ANT
438158313;35250657407397000158550010006781401735199965;SP;AL;1;2940230205;1400500;0;39249000;6101;;;3;N;4772500;248312650;2;0;S;ANT
438158313;35250657407397000158550010006781401735199965;SP;AL;1;2940230206;1400500;0;39249000;6101;;;3;N;4772500;248312650;2;0;S;ANT
438158313;35250657407397000158550010006781401735199965;SP;AL;1;2940230207;1400500;0;39249000;6101;;;3;N;4772500;248312650;2;0;S;ANT
438158313;35250657407397000158550010006781401735199965;SP;AL;1;2940230208;1400500;0;39249000;6101;;;3;N;4772500;248312650;2;0;S;ANT
438369731;26250602864261000428550090002479071553597595;PE;AL;1;2941481918;0103500;0;84149039;6108;;;3;N;;;;0;N;DIFAL
438369731;26250602864261000428550090002479071553597595;PE;AL;1;2941481919;0103400;0;84143091;6108;;;3;N;;;;0;N;DIFAL
438369731;26250602864261000428550090002479071553597595;PE;AL;1;2941481920;0111400;0;84159090;6108;;;3;N;;;;0;N;DIFAL
438369731;26250602864261000428550090002479071553597595;PE;AL;1;2941481921;0111400;0;85371090;6108;;;3;N;;;;0;N;DIFAL
438369731;26250602864261000428550090002479071553597595;PE;AL;1;2941481922;0109500;0;84213990;6108;;;3;N;;;;0;N;DIFAL
438369731;26250602864261000428550090002479071553597595;PE;AL;1;2941481923;0109500;0;84213990;6108;;;3;N;;;;0;N;DIFAL
438369731;26250602864261000428550090002479071553597595;PE;AL;1;2941481924;0109500;0;84213990;6108;;;3;N;;;;0;N;DIFAL
438369731;26250602864261000428550090002479071553597595;PE;AL;1;2941481925;;0;29034510;6108;;;3;N;;;;0;N;DIFAL
438369731;26250602864261000428550090002479071553597595;PE;AL;1;2941481926;2804300;0;29171220;6108;;;3;N;;;;0;N;DIFAL
438369731;26250602864261000428550090002479071553597595;PE;AL;1;2941481927;2804300;0;29171220;6108;;;3;N;;;;0;N;DIFAL
438369731;26250602864261000428550090002479071553597595;PE;AL;1;2941481928;0106500;0;85332190;6108;;;3;N;;;;0;N;DIFAL
438369731;26250602864261000428550090002479071553597595;PE;AL;1;2941481929;0103500;0;84149039;6108;;;3;N;;;;0;N;DIFAL
438369731;26250602864261000428550090002479071553597595;PE;AL;1;2941481931;1007900;0;84811000;6108;;;3;N;;;;0;N;DIFAL
436863373;35250624438515000136550010000490401772070748;SP;AL;1;2933763572;2806300;0;35079019;6108;;;3;N;;;;0;N;DIFAL
436863373;35250624438515000136550010000490401772070748;SP;AL;1;2933763573;;0;48195000;6108;;;3;N;;;;0;N;DIFAL
437328347;35250635996241000117550010000955151788387883;SP;AL;1;2935773494;;0;64029990;6108;;;3;N;;;;0;N;DIFAL
437033909;35250644679768000109550030001011901300805353;SP;AL;1;2934503697;;0;87141000;6108;;;3;N;;;;0;N;DIFAL
436508378;41250632068205000103550010002925961450017893;PR;AL;1;2931841906;2806100;0;94036000;6107;;;3;N;;;;0;N;DIFAL
436939418;35250638182228000112550090000813171204072169;SP;AL;1;2934090520;2806100;0;63023200;6108;;;3;N;;;;0;N;DIFAL
438071756;31250601957839000266550020000051271703979498;MG;AL;1;2939779351;;0;33021000;6108;;;3;N;;;;0;N;DIFAL
437320221;35250645708747000137550010006099941821346750;SP;AL;1;2935752017;;0;54031000;6108;;;3;N;;;;0;N;DIFAL
435805057;35250641796832000143550130001480671571691550;SP;AL;1;2928433120;;0;61046900;6102;;;3;N;;;;0;S;DIFAL
436926776;35250624955128000177550030000004311249599529;SP;AL;1;2934028704;2001800;10;33052000;6102;;;2;N;;;;0;N;DIFAL
436828087;35250660453277000100550010000017941544142010;SP;AL;1;2933588071;;0;61045900;6108;;;2;S;;;;0;N;DIFAL
437810428;35250644291352000119550010000067701991799783;SP;AL;1;2938303843;1705300;60;19053100;6404;;4637107;3;N;;;;0;N;DIFAL
437348203;35250639850350000182550010000489651911098096;SP;AL;1;2935970835;;0;44201900;6102;;4789001;3;N;;;;0;N;DIFAL
436928394;35250650219844000104550050000531751395626378;SP;AL;1;2934039410;;0;39229000;6108;;;3;N;;;;0;N;DIFAL
438318929;31250651024456000122550040000671141072223188;MG;AL;1;2941179503;2805600;0;33049990;6108;;;3;N;;;;0;N;DIFAL
437596307;33250614205746000146550020002544171904989060;RJ;AL;1;2937088496;2805800;0;39269090;6102;;;2;S;;;;0;N;DIFAL
437582098;35250651656322000124550040000979001820184937;SP;AL;1;2937046555;;0;96170010;6108;;;3;N;;;;0;N;DIFAL
437245750;35250625015209000150550030001197511741518010;SP;AL;1;2935458220;2805900;0;62105000;6101;;;3;N;;;;0;S;DIFAL
437245750;35250625015209000150550030001197511741518010;SP;AL;1;2935458221;2805900;0;62105000;6101;;;3;N;;;;0;S;DIFAL
437245750;35250625015209000150550030001197511741518010;SP;AL;1;2935458222;2805900;0;62105000;6101;;;3;N;;;;0;S;DIFAL
437245750;35250625015209000150550030001197511741518010;SP;AL;1;2935458223;2805900;0;62105000;6101;;;3;N;;;;0;S;DIFAL
437575451;35250607453487000107550010000038171891652640;SP;AL;1;2937021694;2805700;0;65070000;6108;;;3;N;;;;0;N;DIFAL
437862387;52250649895115000180550010001012521690745324;GO;AL;1;2938522567;;0;39241000;6102;;;3;N;;;;0;N;DIFAL
437341690;31250649265594000151550030000207721673617530;MG;AL;1;2935854628;;0;63079090;6108;;;3;N;;;;0;N;DIFAL
437549769;35250618784087000109550010002876461416620894;SP;AL;1;2936818810;;0;21069030;6108;;;3;N;;;;0;N;DIFAL
437413022;33250610788472000104550010000444861832511956;RJ;AL;1;2936085623;;;25280000;6102;;;1;N;;;;0;N;DIFAL
437941400;35250639269114000177550080000636401896397927;SP;AL;1;2938951289;;0;95030099;6108;;;3;N;;;;0;S;DIFAL
437623802;31250616857384000365550010000762301018018455;MG;AL;1;2937175590;;0;85167100;6108;;;3;N;;;;0;N;DIFAL
438255043;31250638030955000164550010000606441164001808;MG;AL;1;2940891913;;0;40114000;6108;;;3;N;;;;0;N;DIFAL
437704000;35250633163235000153550010018337431960670743;SP;AL;1;2937629403;;0;64041900;6108;;;3;N;;;;0;N;DIFAL
437919035;35250656923266000160550010000805021596455291;SP;AL;1;2938834446;;0;61044900;6108;;;3;N;;;;0;N;DIFAL
438007344;35250628327349000151550010000274871953621272;SP;AL;1;2939314264;;0;62046300;6108;;;2;S;;;;0;N;DIFAL
438007344;35250628327349000151550010000274871953621272;SP;AL;1;2939314265;;0;62046300;6108;;;2;S;;;;0;N;DIFAL
437691071;26250641248067000127550010000059451951845600;PE;AL;1;2937557693;2400100;60;32091010;5405;;;2;N;5510801;243266812;2;0;N;STDIF
437829504;31250640809245000189550020000622461903027420;MG;AL;1;2938382033;2805900;0;64041900;6108;;4782201;3;N;;;;0;N;DIFAL
438232879;35250611723235000128550100001265371912779793;SP;AL;1;2940718570;;0;84142000;6108;;;3;N;;;;0;N;DIFAL
438232879;35250611723235000128550100001265371912779793;SP;AL;1;2940718571;;0;95066200;6108;;;3;N;;;;0;N;DIFAL
436246845;35250633163235000153550040001010751570941177;SP;AL;1;2930466282;2805900;0;64041900;6108;;;3;N;;;;0;N;DIFAL
438130404;35250646532221000101550010003486481126533935;SP;AL;1;2940083332;2002000;0;33059000;6108;;;3;N;;;;0;N;DIFAL
438130404;35250646532221000101550010003486481126533935;SP;AL;1;2940083333;2002000;0;33059000;6108;;;3;N;;;;0;N;DIFAL
437867769;31250658486388000162550010000215011842157559;MG;AL;1;2938536899;;0;64022000;6108;;;3;S;;;;0;N;DIFAL
438957845;26250637562896000102550000000022571299623566;PE;AL;1;2944427959;2805700;0;65069100;6102;;;2;S;4772500;240132092;2;0;S;ANT
438957845;26250637562896000102550000000022571299623566;PE;AL;1;2944427960;2805700;0;65069100;6102;;;2;S;4772500;240132092;2;0;S;ANT
438957845;26250637562896000102550000000022571299623566;PE;AL;1;2944427961;2805700;0;65069100;6102;;;2;S;4772500;240132092;2;0;S;ANT
438957845;26250637562896000102550000000022571299623566;PE;AL;1;2944427962;;0;62014000;6102;;;2;S;4772500;240132092;2;0;S;ANT
438957845;26250637562896000102550000000022571299623566;PE;AL;1;2944427963;2002000;0;33059000;6102;;;2;S;4772500;240132092;2;0;S;ST
438957845;26250637562896000102550000000022571299623566;PE;AL;1;2944427964;2002000;0;33059000;6102;;;2;S;4772500;240132092;2;0;S;ST
438957845;26250637562896000102550000000022571299623566;PE;AL;1;2944427965;2002600;0;33071000;6102;;;2;S;4772500;240132092;2;0;S;ST
438957845;26250637562896000102550000000022571299623566;PE;AL;1;2944427966;2806100;0;73199000;6102;;;2;S;4772500;240132092;2;0;S;ANT
438957845;26250637562896000102550000000022571299623566;PE;AL;1;2944427967;2001700;0;33051000;6102;;;2;S;4772500;240132092;2;0;S;ST
438957845;26250637562896000102550000000022571299623566;PE;AL;1;2944427968;2001700;0;33051000;6102;;;2;S;4772500;240132092;2;0;S;ST
438957845;26250637562896000102550000000022571299623566;PE;AL;1;2944427969;2002600;0;33071000;6102;;;2;S;4772500;240132092;2;0;S;ST
438957845;26250637562896000102550000000022571299623566;PE;AL;1;2944427970;2002000;0;33059000;6102;;;2;S;4772500;240132092;2;0;S;ST
438957845;26250637562896000102550000000022571299623566;PE;AL;1;2944427971;2002000;0;33059000;6102;;;2;S;4772500;240132092;2;0;S;ST
438957845;26250637562896000102550000000022571299623566;PE;AL;1;2944427972;2006400;0;82122010;6102;;;2;S;4772500;240132092;2;0;S;ST
438957845;26250637562896000102550000000022571299623566;PE;AL;1;2944427973;2002600;0;33071000;6102;;;2;S;4772500;240132092;2;0;S;ST
438156358;35250658942107000139550010000145201678573706;SP;AL;1;2940220671;;40;64021900;6102;;;3;N;;;;0;N;DIFAL
438156358;35250658942107000139550010000145201678573706;SP;AL;1;2940220672;;40;64021900;6102;;;3;N;;;;0;N;DIFAL
437633410;33250602810365000107550020001282641942114501;RJ;AL;1;2937193162;1900500;60;42029200;6108;;;3;N;;;;0;N;DIFAL
437933314;35250662347471000128550030000961201053463023;SP;AL;1;2938913830;;0;95059000;6102;;;3;N;;;;0;S;DIFAL
438520845;35250644167636000106550150000106361317195234;SP;AL;1;2942466313;2806100;0;63039200;6108;;;3;N;;;;0;N;DIFAL
438598727;35250633224169000184550010000104631298734392;SP;AL;1;2942739338;;0;60064100;6108;;;3;N;;;;0;N;DIFAL
438726015;29250619579823000141550010000032041132516487;BA;AL;1;2943142207;2805900;;62044300;6401;;;1;N;;;;0;N;DIFAL
437041131;41250632068205000103550010002970051660605520;PR;AL;1;2934535140;2806100;0;94036000;6107;;;3;N;;;;0;N;DIFAL
438731857;33250644808617000103550010002094961096859662;RJ;AL;1;2943164711;;0;90183219;6108;;;3;N;;;;0;N;DIFAL
437968767;31250629302500000160550010004588311065914710;MG;AL;1;2939089530;;0;63026000;6108;;;3;N;;;;0;N;DIFAL
437761406;35250651656322000124550040000983071701670482;SP;AL;1;2937929057;;0;82100090;6108;;;3;N;;;;0;N;DIFAL
438713377;35250627426431000170550030000671521354069559;SP;AL;1;2943100965;0201600;0;22083020;6108;;;3;N;;;;0;N;DIFAL
438582871;35250646031326000187550050000313591161623525;SP;AL;1;2942716344;;0;94051190;6108;;;3;N;;;;0;N;DIFAL
438644043;53250629925735000108550050000788641323338108;DF;AL;1;2942820687;1400100;0;70134100;6102;;;3;N;;;;0;N;DIFAL
438430904;35250633013770000128550020001666231760226900;SP;AL;1;2941864773;;0;61044900;6108;;;3;N;;;;0;N;DIFAL
438430904;35250633013770000128550020001666231760226900;SP;AL;1;2941864774;;0;61044900;6108;;;3;N;;;;0;N;DIFAL
439442839;31250646568443000184550010001446551631689858;MG;AL;1;2947344460;2806100;0;63049200;6107;;;3;N;;;;0;N;DIFAL
439976726;26250692660406000623550050009166021000043288;PE;AL;1;2950287286;2109300;0;84151011;6108;;;3;N;;;;0;N;DIFAL
439976726;26250692660406000623550050009166021000043288;PE;AL;1;2950287287;2109300;0;84151011;6108;;;3;N;;;;0;N;DIFAL
438845336;35250614196473000110550020003691651006286808;SP;AL;1;2943734722;2803900;0;63079090;6108;;;3;N;;;;0;N;DIFAL
438851735;35250660881299000910550020007039061966687337;SP;AL;1;2943774569;;0;33074900;6107;;;3;N;;;;0;N;DIFAL
438851735;35250660881299000910550020007039061966687337;SP;AL;1;2943774570;;0;33074900;6107;;;3;N;;;;0;N;DIFAL
438851735;35250660881299000910550020007039061966687337;SP;AL;1;2943774571;1100700;0;34029029;6107;;;3;N;;;;0;N;DIFAL
438851735;35250660881299000910550020007039061966687337;SP;AL;1;2943774572;2003700;0;34013000;6107;;;3;N;;;;0;N;DIFAL
438851735;35250660881299000910550020007039061966687337;SP;AL;1;2943774573;;0;34025000;6108;;;3;N;;;;0;N;DIFAL
438851735;35250660881299000910550020007039061966687337;SP;AL;1;2943774574;1100700;0;34029090;6107;;;3;N;;;;0;N;DIFAL
439753158;31250614169897001249550010006931891007132432;MG;AL;1;2949226157;2003200;0;33079000;6108;;0000000;3;N;;;;0;S;DIFAL
437563237;35250611132398000136550100003010091277523381;SP;AL;1;2936942230;;0;44219900;6107;;;3;N;;;;0;N;DIFAL
437563237;35250611132398000136550100003010091277523381;SP;AL;1;2936942231;;0;39181000;6107;;;3;N;;;;0;N;DIFAL
438928679;35250623413457000123550060003134461823297123;SP;AL;1;2944286891;2000800;60;33030020;6106;;;3;N;;;;0;N;DIFAL
437539375;35250641563831000159550080004169701032510342;SP;AL;1;2936754894;;0;63022200;6107;;;3;N;;;;0;S;DIFAL
437125268;35250642412996000192550030000549581112713214;SP;AL;1;2935011743;;0;62052000;6108;;;3;N;;;;0;N;DIFAL
438631383;35250657561158000158550010000204611630763980;SP;AL;1;2942784268;1400600;60;39241000;6404;;;3;N;;;;0;N;DIFAL
438463803;35250639269114000177550070006559141872128944;SP;AL;1;2942138699;;0;39249000;6108;;;3;N;;;;0;N;DIFAL
439276509;35250601773518001011550120007988831394164804;SP;AL;1;2946195466;;0;33059000;6107;;;3;N;;;;0;S;DIFAL
439276509;35250601773518001011550120007988831394164804;SP;AL;1;2946195467;;0;33059000;6107;;;3;N;;;;0;S;DIFAL
438663224;31250640644317000185550010001454551260102907;MG;AL;1;2942945960;2805700;0;82119400;6108;;4744001;3;N;;;;0;S;DIFAL
438705691;35250613434272000141550030016016621618613148;SP;AL;1;2943080416;2001500;0;33049990;6102;;;3;N;;;;0;S;DIFAL
438746964;35250612812808000152550030003966881348381619;SP;AL;1;2943238232;;0;48089000;6108;;;3;N;;;;0;N;DIFAL
438565688;35250649892622000160550020002216291958763600;SP;AL;1;2942688356;;0;61112000;6108;;;3;N;;;;0;N;DIFAL
437267728;35250637562240000270550010003879231762817919;SP;AL;1;2935487905;;0;57050000;6102;;;3;S;;;;0;N;DIFAL
437087993;42250649989326000182550060003939791525185431;SC;AL;1;2934849621;;0;62069000;6108;;;3;N;;;;0;N;DIFAL
437370315;35250624259537000139550010004334591808092462;SP;AL;1;2935845756;;0;92021000;6108;;4763601;3;N;;;;0;N;DIFAL
438412884;35250641796832000143550100002085821734626607;SP;AL;1;2941741245;;0;61046900;6102;;;3;N;;;;0;N;DIFAL
437541745;35250641796832000143550100001854721452843458;SP;AL;1;2936761869;;0;61046900;6102;;;3;N;;;;0;S;DIFAL
437672505;31250614144597000314550050001998121168762959;MG;AL;1;2937470033;;0;21069030;6108;;;3;N;;;;0;S;DIFAL
437672505;31250614144597000314550050001998121168762959;MG;AL;1;2937470034;2000900;0;33041000;6108;;;3;N;;;;0;S;DIFAL
440640895;26250621596736000144550010002554131272604000;PE;AL;1;2953990548;1301500;0;90183219;6108;;;3;N;;;;0;N;DIFAL
440640895;26250621596736000144550010002554131272604000;PE;AL;1;2953990549;1301000;0;30059090;6108;;;3;N;;;;0;N;DIFAL
440640895;26250621596736000144550010002554131272604000;PE;AL;1;2953990550;2006400;0;82121020;6108;;;3;N;;;;0;N;DIFAL
440640895;26250621596736000144550010002554131272604000;PE;AL;1;2953990551;;0;30059090;6108;;;3;N;;;;0;N;DIFAL
440640895;26250621596736000144550010002554131272604000;PE;AL;1;2953990553;;0;30059090;6108;;;3;N;;;;0;N;DIFAL
440640895;26250621596736000144550010002554131272604000;PE;AL;1;2953990554;1301100;0;30059090;6108;;;3;N;;;;0;N;DIFAL
440640895;26250621596736000144550010002554131272604000;PE;AL;1;2953990555;2805700;40;90183929;6108;;;3;N;;;;0;N;DIFAL
440640895;26250621596736000144550010002554131272604000;PE;AL;1;2953990556;2805700;40;90183929;6108;;;3;N;;;;0;N;DIFAL
440640895;26250621596736000144550010002554131272604000;PE;AL;1;2953990557;;40;90183926;6108;;;3;N;;;;0;N;DIFAL
440640895;26250621596736000144550010002554131272604000;PE;AL;1;2953990558;;40;90183926;6108;;;3;N;;;;0;N;DIFAL
440640895;26250621596736000144550010002554131272604000;PE;AL;1;2953990559;1300401;0;30039099;6108;;;3;N;;;;0;N;DIFAL
440640895;26250621596736000144550010002554131272604000;PE;AL;1;2953990561;2805700;0;90183999;6108;;;3;N;;;;0;N;DIFAL
440640895;26250621596736000144550010002554131272604000;PE;AL;1;2953990562;1301100;0;30051090;6108;;;3;N;;;;0;N;DIFAL
440640895;26250621596736000144550010002554131272604000;PE;AL;1;2953990563;;0;48114110;6108;;;3;N;;;;0;N;DIFAL
440640895;26250621596736000144550010002554131272604000;PE;AL;1;2953990564;1301100;0;30051090;6108;;;3;N;;;;0;N;DIFAL
440640895;26250621596736000144550010002554131272604000;PE;AL;1;2953990565;1301100;0;30059090;6108;;;3;N;;;;0;N;DIFAL
440640895;26250621596736000144550010002554131272604000;PE;AL;1;2953990566;;0;90189029;6108;;;3;N;;;;0;N;DIFAL
440640895;26250621596736000144550010002554131272604000;PE;AL;1;2953990567;;0;90183999;6108;;;3;N;;;;0;N;DIFAL
440640895;26250621596736000144550010002554131272604000;PE;AL;1;2953990568;1301200;0;40151200;6108;;;3;N;;;;0;N;DIFAL
440640895;26250621596736000144550010002554131272604000;PE;AL;1;2953990569;;0;40151200;6108;;;3;N;;;;0;N;DIFAL
440640895;26250621596736000144550010002554131272604000;PE;AL;1;2953990570;;0;63079010;6108;;;3;N;;;;0;N;DIFAL
440640895;26250621596736000144550010002554131272604000;PE;AL;1;2953990571;;0;63079010;6108;;;3;N;;;;0;N;DIFAL
440640895;26250621596736000144550010002554131272604000;PE;AL;1;2953990572;1301400;0;90183119;6108;;;3;N;;;;0;N;DIFAL
440640895;26250621596736000144550010002554131272604000;PE;AL;1;2953990573;2805700;40;90183929;6108;;;3;N;;;;0;N;DIFAL
440640895;26250621596736000144550010002554131272604000;PE;AL;1;2953990574;1301600;0;38221920;6108;;;3;N;;;;0;N;DIFAL
440640895;26250621596736000144550010002554131272604000;PE;AL;1;2953990575;1301600;0;38221920;6108;;;3;N;;;;0;N;DIFAL
440640895;26250621596736000144550010002554131272604000;PE;AL;1;2953990576;;40;90183929;6108;;;3;N;;;;0;N;DIFAL
440640895;26250621596736000144550010002554131272604000;PE;AL;1;2953990577;;40;90183929;6108;;;3;N;;;;0;N;DIFAL
438379331;35250655122894000184550010000531831367592770;SP;AL;1;2941532414;;0;96170010;6102;;;3;N;;;;0;N;DIFAL
438719544;31250646339108000104550010001590761357033516;MG;AL;1;2943124181;;0;85437099;6108;;;3;N;;;;0;N;DIFAL
438719544;31250646339108000104550010001590761357033516;MG;AL;1;2943124182;;0;85437099;6108;;;3;N;;;;0;N;DIFAL
439527587;35250648239227000110550070001437281688976651;SP;AL;1;2947865556;;0;21069030;6108;;;3;N;;;;0;N;DIFAL
438914045;42250651008513000180550010000268191434794379;SC;AL;1;2944228500;2100100;0;73211100;6108;;;3;N;;;;0;N;DIFAL
439478416;31250655513484000164550030000171771408584017;MG;AL;1;2947584680;;0;61082200;6108;;;3;N;;;;0;N;DIFAL
438561875;31250632233064000200550030007350971161631455;MG;AL;1;2942681843;2001600;0;33049990;6108;;4772500;3;N;;;;0;N;DIFAL
437113862;35250619822057000102550010000242041287278859;SP;AL;1;2934960014;;20;64042000;6102;;;3;N;;;;0;N;DIFAL
438426450;31250632233064000200550030007324681782535819;MG;AL;1;2941829487;2001400;0;33049910;6108;;4772500;3;N;;;;0;N;DIFAL
438426450;31250632233064000200550030007324681782535819;MG;AL;1;2941829488;;0;42022900;6910;;4772500;3;N;;;;0;N;DIFAL
438426450;31250632233064000200550030007324681782535819;MG;AL;1;2941829489;2001600;0;33049990;6108;;4772500;3;N;;;;0;N;DIFAL
440244875;35250647139063000197550050001481941682291713;SP;AL;1;2951833038;;0;34011190;6102;;;3;N;;;;0;N;DIFAL
440258915;32250634956605000172550010000562991917233133;ES;AL;1;2951884977;;0;39241000;6108;;;3;N;;;;0;N;DIFAL
440814336;32250612449448000176550010001504461181186204;ES;AL;1;2955050485;1002000;0;39269090;6102;;;3;N;4672900;242127304;2;0;N;ST
440814336;32250612449448000176550010001504461181186204;ES;AL;1;2955050485;1002000;0;39269090;6102;;;3;N;4672900;242127304;2;0;N;ST
440814336;32250612449448000176550010001504461181186204;ES;AL;1;2955050485;1002000;0;39269090;6102;;;3;N;4672900;242127304;2;0;N;ST
440814336;32250612449448000176550010001504461181186204;ES;AL;1;2955050485;1002000;0;39269090;6102;;;3;N;4672900;242127304;2;0;N;ST
440814336;32250612449448000176550010001504461181186204;ES;AL;1;2955050486;1002000;0;39269090;6102;;;3;N;4672900;242127304;2;0;N;ST
440814336;32250612449448000176550010001504461181186204;ES;AL;1;2955050486;1002000;0;39269090;6102;;;3;N;4672900;242127304;2;0;N;ST
440814336;32250612449448000176550010001504461181186204;ES;AL;1;2955050486;1002000;0;39269090;6102;;;3;N;4672900;242127304;2;0;N;ST
440814336;32250612449448000176550010001504461181186204;ES;AL;1;2955050486;1002000;0;39269090;6102;;;3;N;4672900;242127304;2;0;N;ST
440814336;32250612449448000176550010001504461181186204;ES;AL;1;2955050487;1002000;0;39269090;6102;;;3;N;4672900;242127304;2;0;N;ST
440814336;32250612449448000176550010001504461181186204;ES;AL;1;2955050487;1002000;0;39269090;6102;;;3;N;4672900;242127304;2;0;N;ST
440814336;32250612449448000176550010001504461181186204;ES;AL;1;2955050487;1002000;0;39269090;6102;;;3;N;4672900;242127304;2;0;N;ST
440814336;32250612449448000176550010001504461181186204;ES;AL;1;2955050487;1002000;0;39269090;6102;;;3;N;4672900;242127304;2;0;N;ST
440814336;32250612449448000176550010001504461181186204;ES;AL;1;2955050488;1002000;0;39269090;6102;;;3;N;4672900;242127304;2;0;N;ST
440814336;32250612449448000176550010001504461181186204;ES;AL;1;2955050488;1002000;0;39269090;6102;;;3;N;4672900;242127304;2;0;N;ST
440814336;32250612449448000176550010001504461181186204;ES;AL;1;2955050488;1002000;0;39269090;6102;;;3;N;4672900;242127304;2;0;N;ST
440814336;32250612449448000176550010001504461181186204;ES;AL;1;2955050488;1002000;0;39269090;6102;;;3;N;4672900;242127304;2;0;N;ST
440814336;32250612449448000176550010001504461181186204;ES;AL;1;2955050489;1002000;0;39269090;6102;;;3;N;4672900;242127304;2;0;N;ST
